"","year","age","value","groups","Age","Year"
"1",1998,2,0,"obs","2","1998"
"2",1998,3,0,"obs","3","1998"
"3",1998,4,0,"obs","4","1998"
"4",1998,5,0,"obs","5","1998"
"5",1998,6,0.00401606,"obs","6","1998"
"6",1998,7,0.0060241,"obs","7","1998"
"7",1998,8,0.0341365,"obs","8","1998"
"8",1998,9,0.0220884,"obs","9","1998"
"9",1998,10,0.0321285,"obs","10","1998"
"10",1998,11,0.0582329,"obs","11","1998"
"11",1998,12,0.0702811,"obs","12","1998"
"12",1998,13,0.0943775,"obs","13","1998"
"13",1998,14,0.0943775,"obs","14","1998"
"14",1998,15,0.0682731,"obs","15","1998"
"15",1998,16,0.0783133,"obs","16","1998"
"16",1998,17,0.0341365,"obs","17","1998"
"17",1998,18,0.0341365,"obs","18","1998"
"18",1998,19,0.0220884,"obs","19","1998"
"19",1998,20,0.0261044,"obs","20","1998"
"20",1998,21,0.0441767,"obs","21","1998"
"21",1998,22,0.0502008,"obs","22","1998"
"22",1998,23,0.0361446,"obs","23","1998"
"23",1998,24,0.0301205,"obs","24","1998"
"24",1998,25,0.0220884,"obs","25","1998"
"25",1998,26,0.0240964,"obs","26","1998"
"26",1998,27,0.0120482,"obs","27","1998"
"27",1998,28,0.0100402,"obs","28","1998"
"28",1998,29,0.0261044,"obs","29","1998"
"29",1998,30,0.0200803,"obs","30","1998"
"30",1998,31,0.0060241,"obs","31","1998"
"31",1998,32,0.0100402,"obs","32","1998"
"32",1998,33,0.0120482,"obs","33","1998"
"33",1998,34,0,"obs","34","1998"
"34",1998,35,0.00200803,"obs","35","1998"
"35",1998,36,0,"obs","36","1998"
"36",1998,37,0.00200803,"obs","37","1998"
"37",1998,38,0.0060241,"obs","38","1998"
"38",1998,39,0.00200803,"obs","39","1998"
"39",1998,40,0.00401606,"obs","40","1998"
"40",1998,41,0,"obs","41","1998"
"41",1998,42,0,"obs","42","1998"
"42",1998,43,0.00200803,"obs","43","1998"
"43",1998,44,0,"obs","44","1998"
"44",1998,45,0,"obs","45","1998"
"45",1999,2,0,"obs","2","1999"
"46",1999,3,0,"obs","3","1999"
"47",1999,4,0,"obs","4","1999"
"48",1999,5,0.00649351,"obs","5","1999"
"49",1999,6,0.00324675,"obs","6","1999"
"50",1999,7,0.00649351,"obs","7","1999"
"51",1999,8,0,"obs","8","1999"
"52",1999,9,0.0422078,"obs","9","1999"
"53",1999,10,0.012987,"obs","10","1999"
"54",1999,11,0.0292208,"obs","11","1999"
"55",1999,12,0.038961,"obs","12","1999"
"56",1999,13,0.0487013,"obs","13","1999"
"57",1999,14,0.0616883,"obs","14","1999"
"58",1999,15,0.126623,"obs","15","1999"
"59",1999,16,0.0649351,"obs","16","1999"
"60",1999,17,0.0584416,"obs","17","1999"
"61",1999,18,0.0422078,"obs","18","1999"
"62",1999,19,0.0194805,"obs","19","1999"
"63",1999,20,0.0227273,"obs","20","1999"
"64",1999,21,0.0324675,"obs","21","1999"
"65",1999,22,0.0292208,"obs","22","1999"
"66",1999,23,0.0746753,"obs","23","1999"
"67",1999,24,0.0422078,"obs","24","1999"
"68",1999,25,0.00974026,"obs","25","1999"
"69",1999,26,0.025974,"obs","26","1999"
"70",1999,27,0.0162338,"obs","27","1999"
"71",1999,28,0.0422078,"obs","28","1999"
"72",1999,29,0.0357143,"obs","29","1999"
"73",1999,30,0.0227273,"obs","30","1999"
"74",1999,31,0.0292208,"obs","31","1999"
"75",1999,32,0.012987,"obs","32","1999"
"76",1999,33,0.00324675,"obs","33","1999"
"77",1999,34,0.00649351,"obs","34","1999"
"78",1999,35,0.00649351,"obs","35","1999"
"79",1999,36,0,"obs","36","1999"
"80",1999,37,0.00649351,"obs","37","1999"
"81",1999,38,0.00324675,"obs","38","1999"
"82",1999,39,0.00324675,"obs","39","1999"
"83",1999,40,0.00324675,"obs","40","1999"
"84",1999,41,0,"obs","41","1999"
"85",1999,42,0.00649351,"obs","42","1999"
"86",1999,43,0.00324675,"obs","43","1999"
"87",1999,44,0,"obs","44","1999"
"88",1999,45,0,"obs","45","1999"
"89",2000,2,0,"obs","2","2000"
"90",2000,3,0,"obs","3","2000"
"91",2000,4,0,"obs","4","2000"
"92",2000,5,0.0017094,"obs","5","2000"
"93",2000,6,0.0239316,"obs","6","2000"
"94",2000,7,0.00512821,"obs","7","2000"
"95",2000,8,0.0153846,"obs","8","2000"
"96",2000,9,0.0188034,"obs","9","2000"
"97",2000,10,0.042735,"obs","10","2000"
"98",2000,11,0.0307692,"obs","11","2000"
"99",2000,12,0.0581197,"obs","12","2000"
"100",2000,13,0.0529915,"obs","13","2000"
"101",2000,14,0.0478632,"obs","14","2000"
"102",2000,15,0.0735043,"obs","15","2000"
"103",2000,16,0.0940171,"obs","16","2000"
"104",2000,17,0.0666667,"obs","17","2000"
"105",2000,18,0.0598291,"obs","18","2000"
"106",2000,19,0.0239316,"obs","19","2000"
"107",2000,20,0.0222222,"obs","20","2000"
"108",2000,21,0.0102564,"obs","21","2000"
"109",2000,22,0.042735,"obs","22","2000"
"110",2000,23,0.034188,"obs","23","2000"
"111",2000,24,0.0461538,"obs","24","2000"
"112",2000,25,0.0222222,"obs","25","2000"
"113",2000,26,0.0290598,"obs","26","2000"
"114",2000,27,0.0136752,"obs","27","2000"
"115",2000,28,0.0205128,"obs","28","2000"
"116",2000,29,0.0239316,"obs","29","2000"
"117",2000,30,0.0410256,"obs","30","2000"
"118",2000,31,0.0188034,"obs","31","2000"
"119",2000,32,0.0136752,"obs","32","2000"
"120",2000,33,0.0102564,"obs","33","2000"
"121",2000,34,0.0017094,"obs","34","2000"
"122",2000,35,0.0034188,"obs","35","2000"
"123",2000,36,0.0034188,"obs","36","2000"
"124",2000,37,0.0017094,"obs","37","2000"
"125",2000,38,0.0017094,"obs","38","2000"
"126",2000,39,0.00512821,"obs","39","2000"
"127",2000,40,0.00683761,"obs","40","2000"
"128",2000,41,0.0034188,"obs","41","2000"
"129",2000,42,0.0017094,"obs","42","2000"
"130",2000,43,0.0034188,"obs","43","2000"
"131",2000,44,0,"obs","44","2000"
"132",2000,45,0.0034188,"obs","45","2000"
"133",2001,2,0,"obs","2","2001"
"134",2001,3,0,"obs","3","2001"
"135",2001,4,0,"obs","4","2001"
"136",2001,5,0,"obs","5","2001"
"137",2001,6,0.0110865,"obs","6","2001"
"138",2001,7,0.0554324,"obs","7","2001"
"139",2001,8,0.0243902,"obs","8","2001"
"140",2001,9,0.0310421,"obs","9","2001"
"141",2001,10,0.037694,"obs","10","2001"
"142",2001,11,0.0487805,"obs","11","2001"
"143",2001,12,0.0421286,"obs","12","2001"
"144",2001,13,0.0532151,"obs","13","2001"
"145",2001,14,0.0509978,"obs","14","2001"
"146",2001,15,0.0399113,"obs","15","2001"
"147",2001,16,0.0532151,"obs","16","2001"
"148",2001,17,0.0842572,"obs","17","2001"
"149",2001,18,0.059867,"obs","18","2001"
"150",2001,19,0.0443459,"obs","19","2001"
"151",2001,20,0.0266075,"obs","20","2001"
"152",2001,21,0.0354767,"obs","21","2001"
"153",2001,22,0.0177384,"obs","22","2001"
"154",2001,23,0.0332594,"obs","23","2001"
"155",2001,24,0.0332594,"obs","24","2001"
"156",2001,25,0.0443459,"obs","25","2001"
"157",2001,26,0.0421286,"obs","26","2001"
"158",2001,27,0.0133038,"obs","27","2001"
"159",2001,28,0.0199557,"obs","28","2001"
"160",2001,29,0.00886918,"obs","29","2001"
"161",2001,30,0.0177384,"obs","30","2001"
"162",2001,31,0.0199557,"obs","31","2001"
"163",2001,32,0.0133038,"obs","32","2001"
"164",2001,33,0.00886918,"obs","33","2001"
"165",2001,34,0.00443459,"obs","34","2001"
"166",2001,35,0.00221729,"obs","35","2001"
"167",2001,36,0.00221729,"obs","36","2001"
"168",2001,37,0.0110865,"obs","37","2001"
"169",2001,38,0.00665188,"obs","38","2001"
"170",2001,39,0,"obs","39","2001"
"171",2001,40,0.00221729,"obs","40","2001"
"172",2001,41,0,"obs","41","2001"
"173",2001,42,0,"obs","42","2001"
"174",2001,43,0,"obs","43","2001"
"175",2001,44,0,"obs","44","2001"
"176",2001,45,0,"obs","45","2001"
"177",2002,2,0,"obs","2","2002"
"178",2002,3,0,"obs","3","2002"
"179",2002,4,0,"obs","4","2002"
"180",2002,5,0,"obs","5","2002"
"181",2002,6,0,"obs","6","2002"
"182",2002,7,0.0324675,"obs","7","2002"
"183",2002,8,0.150974,"obs","8","2002"
"184",2002,9,0.0698052,"obs","9","2002"
"185",2002,10,0.0551948,"obs","10","2002"
"186",2002,11,0.0422078,"obs","11","2002"
"187",2002,12,0.0438312,"obs","12","2002"
"188",2002,13,0.0470779,"obs","13","2002"
"189",2002,14,0.0324675,"obs","14","2002"
"190",2002,15,0.0308442,"obs","15","2002"
"191",2002,16,0.0470779,"obs","16","2002"
"192",2002,17,0.0681818,"obs","17","2002"
"193",2002,18,0.0665584,"obs","18","2002"
"194",2002,19,0.0324675,"obs","19","2002"
"195",2002,20,0.025974,"obs","20","2002"
"196",2002,21,0.0227273,"obs","21","2002"
"197",2002,22,0.0211039,"obs","22","2002"
"198",2002,23,0.012987,"obs","23","2002"
"199",2002,24,0.0292208,"obs","24","2002"
"200",2002,25,0.0438312,"obs","25","2002"
"201",2002,26,0.0275974,"obs","26","2002"
"202",2002,27,0.0113636,"obs","27","2002"
"203",2002,28,0.00811688,"obs","28","2002"
"204",2002,29,0.00974026,"obs","29","2002"
"205",2002,30,0.0113636,"obs","30","2002"
"206",2002,31,0.0113636,"obs","31","2002"
"207",2002,32,0.0113636,"obs","32","2002"
"208",2002,33,0.00974026,"obs","33","2002"
"209",2002,34,0.00487013,"obs","34","2002"
"210",2002,35,0,"obs","35","2002"
"211",2002,36,0.00324675,"obs","36","2002"
"212",2002,37,0.00487013,"obs","37","2002"
"213",2002,38,0,"obs","38","2002"
"214",2002,39,0.00162338,"obs","39","2002"
"215",2002,40,0.00487013,"obs","40","2002"
"216",2002,41,0,"obs","41","2002"
"217",2002,42,0,"obs","42","2002"
"218",2002,43,0,"obs","43","2002"
"219",2002,44,0.00162338,"obs","44","2002"
"220",2002,45,0.00324675,"obs","45","2002"
"221",2004,2,0,"obs","2","2004"
"222",2004,3,0,"obs","3","2004"
"223",2004,4,0,"obs","4","2004"
"224",2004,5,0.00134048,"obs","5","2004"
"225",2004,6,0.0147453,"obs","6","2004"
"226",2004,7,0.0080429,"obs","7","2004"
"227",2004,8,0.036193,"obs","8","2004"
"228",2004,9,0.11126,"obs","9","2004"
"229",2004,10,0.175603,"obs","10","2004"
"230",2004,11,0.0495979,"obs","11","2004"
"231",2004,12,0.0348525,"obs","12","2004"
"232",2004,13,0.036193,"obs","13","2004"
"233",2004,14,0.0281501,"obs","14","2004"
"234",2004,15,0.0268097,"obs","15","2004"
"235",2004,16,0.0321716,"obs","16","2004"
"236",2004,17,0.0147453,"obs","17","2004"
"237",2004,18,0.0254692,"obs","18","2004"
"238",2004,19,0.0455764,"obs","19","2004"
"239",2004,20,0.0576408,"obs","20","2004"
"240",2004,21,0.0348525,"obs","21","2004"
"241",2004,22,0.0294906,"obs","22","2004"
"242",2004,23,0.0227882,"obs","23","2004"
"243",2004,24,0.0107239,"obs","24","2004"
"244",2004,25,0.0120643,"obs","25","2004"
"245",2004,26,0.0214477,"obs","26","2004"
"246",2004,27,0.038874,"obs","27","2004"
"247",2004,28,0.0294906,"obs","28","2004"
"248",2004,29,0.0120643,"obs","29","2004"
"249",2004,30,0.0174263,"obs","30","2004"
"250",2004,31,0.0107239,"obs","31","2004"
"251",2004,32,0.0080429,"obs","32","2004"
"252",2004,33,0.00938338,"obs","33","2004"
"253",2004,34,0.00670241,"obs","34","2004"
"254",2004,35,0.00938338,"obs","35","2004"
"255",2004,36,0.00938338,"obs","36","2004"
"256",2004,37,0.00268097,"obs","37","2004"
"257",2004,38,0.00268097,"obs","38","2004"
"258",2004,39,0.00134048,"obs","39","2004"
"259",2004,40,0.00134048,"obs","40","2004"
"260",2004,41,0,"obs","41","2004"
"261",2004,42,0.00402145,"obs","42","2004"
"262",2004,43,0.00268097,"obs","43","2004"
"263",2004,44,0,"obs","44","2004"
"264",2004,45,0.00402145,"obs","45","2004"
"265",2005,2,0,"obs","2","2005"
"266",2005,3,0,"obs","3","2005"
"267",2005,4,0,"obs","4","2005"
"268",2005,5,0,"obs","5","2005"
"269",2005,6,0,"obs","6","2005"
"270",2005,7,0.021327,"obs","7","2005"
"271",2005,8,0.0450237,"obs","8","2005"
"272",2005,9,0.0663507,"obs","9","2005"
"273",2005,10,0.146919,"obs","10","2005"
"274",2005,11,0.163507,"obs","11","2005"
"275",2005,12,0.0521327,"obs","12","2005"
"276",2005,13,0.0165877,"obs","13","2005"
"277",2005,14,0.0308057,"obs","14","2005"
"278",2005,15,0.0379147,"obs","15","2005"
"279",2005,16,0.0260664,"obs","16","2005"
"280",2005,17,0.0189573,"obs","17","2005"
"281",2005,18,0.0308057,"obs","18","2005"
"282",2005,19,0.0260664,"obs","19","2005"
"283",2005,20,0.0331754,"obs","20","2005"
"284",2005,21,0.0450237,"obs","21","2005"
"285",2005,22,0.0236967,"obs","22","2005"
"286",2005,23,0.0260664,"obs","23","2005"
"287",2005,24,0.00947867,"obs","24","2005"
"288",2005,25,0.00947867,"obs","25","2005"
"289",2005,26,0.00473934,"obs","26","2005"
"290",2005,27,0.0260664,"obs","27","2005"
"291",2005,28,0.0308057,"obs","28","2005"
"292",2005,29,0.0236967,"obs","29","2005"
"293",2005,30,0.028436,"obs","30","2005"
"294",2005,31,0.007109,"obs","31","2005"
"295",2005,32,0.00236967,"obs","32","2005"
"296",2005,33,0.007109,"obs","33","2005"
"297",2005,34,0.0165877,"obs","34","2005"
"298",2005,35,0.00473934,"obs","35","2005"
"299",2005,36,0.00473934,"obs","36","2005"
"300",2005,37,0.00236967,"obs","37","2005"
"301",2005,38,0.00236967,"obs","38","2005"
"302",2005,39,0.00473934,"obs","39","2005"
"303",2005,40,0,"obs","40","2005"
"304",2005,41,0,"obs","41","2005"
"305",2005,42,0.00236967,"obs","42","2005"
"306",2005,43,0.00236967,"obs","43","2005"
"307",2005,44,0,"obs","44","2005"
"308",2005,45,0,"obs","45","2005"
"309",2006,2,0,"obs","2","2006"
"310",2006,3,0,"obs","3","2006"
"311",2006,4,0,"obs","4","2006"
"312",2006,5,0,"obs","5","2006"
"313",2006,6,0.006,"obs","6","2006"
"314",2006,7,0.002,"obs","7","2006"
"315",2006,8,0.046,"obs","8","2006"
"316",2006,9,0.064,"obs","9","2006"
"317",2006,10,0.07,"obs","10","2006"
"318",2006,11,0.132,"obs","11","2006"
"319",2006,12,0.07,"obs","12","2006"
"320",2006,13,0.048,"obs","13","2006"
"321",2006,14,0.034,"obs","14","2006"
"322",2006,15,0.034,"obs","15","2006"
"323",2006,16,0.02,"obs","16","2006"
"324",2006,17,0.016,"obs","17","2006"
"325",2006,18,0.038,"obs","18","2006"
"326",2006,19,0.028,"obs","19","2006"
"327",2006,20,0.02,"obs","20","2006"
"328",2006,21,0.04,"obs","21","2006"
"329",2006,22,0.05,"obs","22","2006"
"330",2006,23,0.036,"obs","23","2006"
"331",2006,24,0.024,"obs","24","2006"
"332",2006,25,0.01,"obs","25","2006"
"333",2006,26,0.012,"obs","26","2006"
"334",2006,27,0.018,"obs","27","2006"
"335",2006,28,0.018,"obs","28","2006"
"336",2006,29,0.034,"obs","29","2006"
"337",2006,30,0.032,"obs","30","2006"
"338",2006,31,0.022,"obs","31","2006"
"339",2006,32,0.006,"obs","32","2006"
"340",2006,33,0.006,"obs","33","2006"
"341",2006,34,0.012,"obs","34","2006"
"342",2006,35,0.012,"obs","35","2006"
"343",2006,36,0.02,"obs","36","2006"
"344",2006,37,0.008,"obs","37","2006"
"345",2006,38,0,"obs","38","2006"
"346",2006,39,0.002,"obs","39","2006"
"347",2006,40,0.002,"obs","40","2006"
"348",2006,41,0,"obs","41","2006"
"349",2006,42,0.002,"obs","42","2006"
"350",2006,43,0.002,"obs","43","2006"
"351",2006,44,0.004,"obs","44","2006"
"352",2006,45,0,"obs","45","2006"
"353",2008,2,0,"obs","2","2008"
"354",2008,3,0,"obs","3","2008"
"355",2008,4,0,"obs","4","2008"
"356",2008,5,0,"obs","5","2008"
"357",2008,6,0,"obs","6","2008"
"358",2008,7,0.00603622,"obs","7","2008"
"359",2008,8,0.0201207,"obs","8","2008"
"360",2008,9,0.0261569,"obs","9","2008"
"361",2008,10,0.0784708,"obs","10","2008"
"362",2008,11,0.0684105,"obs","11","2008"
"363",2008,12,0.0482897,"obs","12","2008"
"364",2008,13,0.0925553,"obs","13","2008"
"365",2008,14,0.0764588,"obs","14","2008"
"366",2008,15,0.0301811,"obs","15","2008"
"367",2008,16,0.0221328,"obs","16","2008"
"368",2008,17,0.0120724,"obs","17","2008"
"369",2008,18,0.00603622,"obs","18","2008"
"370",2008,19,0.0120724,"obs","19","2008"
"371",2008,20,0.0221328,"obs","20","2008"
"372",2008,21,0.0201207,"obs","21","2008"
"373",2008,22,0.0160966,"obs","22","2008"
"374",2008,23,0.0382294,"obs","23","2008"
"375",2008,24,0.0503018,"obs","24","2008"
"376",2008,25,0.028169,"obs","25","2008"
"377",2008,26,0.0301811,"obs","26","2008"
"378",2008,27,0.0221328,"obs","27","2008"
"379",2008,28,0.00603622,"obs","28","2008"
"380",2008,29,0.0140845,"obs","29","2008"
"381",2008,30,0.0261569,"obs","30","2008"
"382",2008,31,0.028169,"obs","31","2008"
"383",2008,32,0.0342052,"obs","32","2008"
"384",2008,33,0.0321932,"obs","33","2008"
"385",2008,34,0.0181087,"obs","34","2008"
"386",2008,35,0.0181087,"obs","35","2008"
"387",2008,36,0.00603622,"obs","36","2008"
"388",2008,37,0.0181087,"obs","37","2008"
"389",2008,38,0.0181087,"obs","38","2008"
"390",2008,39,0.0120724,"obs","39","2008"
"391",2008,40,0.00603622,"obs","40","2008"
"392",2008,41,0.00201207,"obs","41","2008"
"393",2008,42,0.00804829,"obs","42","2008"
"394",2008,43,0.00402414,"obs","43","2008"
"395",2008,44,0,"obs","44","2008"
"396",2008,45,0.0221328,"obs","45","2008"
"397",2010,2,0,"obs","2","2010"
"398",2010,3,0,"obs","3","2010"
"399",2010,4,0,"obs","4","2010"
"400",2010,5,0,"obs","5","2010"
"401",2010,6,0,"obs","6","2010"
"402",2010,7,0,"obs","7","2010"
"403",2010,8,0.0119284,"obs","8","2010"
"404",2010,9,0.0238569,"obs","9","2010"
"405",2010,10,0.0318091,"obs","10","2010"
"406",2010,11,0.0596421,"obs","11","2010"
"407",2010,12,0.115308,"obs","12","2010"
"408",2010,13,0.0715706,"obs","13","2010"
"409",2010,14,0.0516899,"obs","14","2010"
"410",2010,15,0.0675944,"obs","15","2010"
"411",2010,16,0.0516899,"obs","16","2010"
"412",2010,17,0.027833,"obs","17","2010"
"413",2010,18,0.0178926,"obs","18","2010"
"414",2010,19,0.0159046,"obs","19","2010"
"415",2010,20,0.0238569,"obs","20","2010"
"416",2010,21,0.0218688,"obs","21","2010"
"417",2010,22,0.0318091,"obs","22","2010"
"418",2010,23,0.0139165,"obs","23","2010"
"419",2010,24,0.0139165,"obs","24","2010"
"420",2010,25,0.0337972,"obs","25","2010"
"421",2010,26,0.0298211,"obs","26","2010"
"422",2010,27,0.0159046,"obs","27","2010"
"423",2010,28,0.0198807,"obs","28","2010"
"424",2010,29,0.0139165,"obs","29","2010"
"425",2010,30,0.0238569,"obs","30","2010"
"426",2010,31,0.0139165,"obs","31","2010"
"427",2010,32,0.0238569,"obs","32","2010"
"428",2010,33,0.027833,"obs","33","2010"
"429",2010,34,0.0377734,"obs","34","2010"
"430",2010,35,0.0198807,"obs","35","2010"
"431",2010,36,0.00397614,"obs","36","2010"
"432",2010,37,0.00795229,"obs","37","2010"
"433",2010,38,0.00994036,"obs","38","2010"
"434",2010,39,0.0119284,"obs","39","2010"
"435",2010,40,0.0139165,"obs","40","2010"
"436",2010,41,0.00994036,"obs","41","2010"
"437",2010,42,0.00397614,"obs","42","2010"
"438",2010,43,0.00198807,"obs","43","2010"
"439",2010,44,0.00994036,"obs","44","2010"
"440",2010,45,0.0139165,"obs","45","2010"
"441",2012,2,0,"obs","2","2012"
"442",2012,3,0,"obs","3","2012"
"443",2012,4,0,"obs","4","2012"
"444",2012,5,0.00171527,"obs","5","2012"
"445",2012,6,0,"obs","6","2012"
"446",2012,7,0.00686106,"obs","7","2012"
"447",2012,8,0,"obs","8","2012"
"448",2012,9,0.00343053,"obs","9","2012"
"449",2012,10,0.0222985,"obs","10","2012"
"450",2012,11,0.0411664,"obs","11","2012"
"451",2012,12,0.0274443,"obs","12","2012"
"452",2012,13,0.0943396,"obs","13","2012"
"453",2012,14,0.104631,"obs","14","2012"
"454",2012,15,0.077187,"obs","15","2012"
"455",2012,16,0.0566038,"obs","16","2012"
"456",2012,17,0.0891938,"obs","17","2012"
"457",2012,18,0.0480274,"obs","18","2012"
"458",2012,19,0.0222985,"obs","19","2012"
"459",2012,20,0.025729,"obs","20","2012"
"460",2012,21,0.0120069,"obs","21","2012"
"461",2012,22,0.0102916,"obs","22","2012"
"462",2012,23,0.00857633,"obs","23","2012"
"463",2012,24,0.0240137,"obs","24","2012"
"464",2012,25,0.0205832,"obs","25","2012"
"465",2012,26,0.0240137,"obs","26","2012"
"466",2012,27,0.0325901,"obs","27","2012"
"467",2012,28,0.0377358,"obs","28","2012"
"468",2012,29,0.0102916,"obs","29","2012"
"469",2012,30,0.0240137,"obs","30","2012"
"470",2012,31,0.0120069,"obs","31","2012"
"471",2012,32,0.0102916,"obs","32","2012"
"472",2012,33,0.0154374,"obs","33","2012"
"473",2012,34,0.0154374,"obs","34","2012"
"474",2012,35,0.0188679,"obs","35","2012"
"475",2012,36,0.0222985,"obs","36","2012"
"476",2012,37,0.0137221,"obs","37","2012"
"477",2012,38,0.0137221,"obs","38","2012"
"478",2012,39,0.0102916,"obs","39","2012"
"479",2012,40,0.0120069,"obs","40","2012"
"480",2012,41,0.0051458,"obs","41","2012"
"481",2012,42,0.00171527,"obs","42","2012"
"482",2012,43,0.00343053,"obs","43","2012"
"483",2012,44,0.00171527,"obs","44","2012"
"484",2012,45,0.0188679,"obs","45","2012"
"485",2014,2,0,"obs","2","2014"
"486",2014,3,0,"obs","3","2014"
"487",2014,4,0,"obs","4","2014"
"488",2014,5,0.00126743,"obs","5","2014"
"489",2014,6,0.00253485,"obs","6","2014"
"490",2014,7,0.0101394,"obs","7","2014"
"491",2014,8,0.00253485,"obs","8","2014"
"492",2014,9,0.0101394,"obs","9","2014"
"493",2014,10,0.00887199,"obs","10","2014"
"494",2014,11,0.0114068,"obs","11","2014"
"495",2014,12,0.0405577,"obs","12","2014"
"496",2014,13,0.0659062,"obs","13","2014"
"497",2014,14,0.0494297,"obs","14","2014"
"498",2014,15,0.0773131,"obs","15","2014"
"499",2014,16,0.0899873,"obs","16","2014"
"500",2014,17,0.0608365,"obs","17","2014"
"501",2014,18,0.0709759,"obs","18","2014"
"502",2014,19,0.0659062,"obs","19","2014"
"503",2014,20,0.0608365,"obs","20","2014"
"504",2014,21,0.0253485,"obs","21","2014"
"505",2014,22,0.0215463,"obs","22","2014"
"506",2014,23,0.0152091,"obs","23","2014"
"507",2014,24,0.0278834,"obs","24","2014"
"508",2014,25,0.0114068,"obs","25","2014"
"509",2014,26,0.026616,"obs","26","2014"
"510",2014,27,0.026616,"obs","27","2014"
"511",2014,28,0.0215463,"obs","28","2014"
"512",2014,29,0.0101394,"obs","29","2014"
"513",2014,30,0.0316857,"obs","30","2014"
"514",2014,31,0.017744,"obs","31","2014"
"515",2014,32,0.0126743,"obs","32","2014"
"516",2014,33,0.017744,"obs","33","2014"
"517",2014,34,0.00760456,"obs","34","2014"
"518",2014,35,0.0114068,"obs","35","2014"
"519",2014,36,0.0139417,"obs","36","2014"
"520",2014,37,0.0126743,"obs","37","2014"
"521",2014,38,0.0101394,"obs","38","2014"
"522",2014,39,0.00887199,"obs","39","2014"
"523",2014,40,0.0114068,"obs","40","2014"
"524",2014,41,0.00253485,"obs","41","2014"
"525",2014,42,0.00506971,"obs","42","2014"
"526",2014,43,0.00253485,"obs","43","2014"
"527",2014,44,0.00380228,"obs","44","2014"
"528",2014,45,0.0152091,"obs","45","2014"
"529",2016,2,0,"obs","2","2016"
"530",2016,3,0,"obs","3","2016"
"531",2016,4,0,"obs","4","2016"
"532",2016,5,0,"obs","5","2016"
"533",2016,6,0,"obs","6","2016"
"534",2016,7,0.00163934,"obs","7","2016"
"535",2016,8,0.0344262,"obs","8","2016"
"536",2016,9,0.0213115,"obs","9","2016"
"537",2016,10,0.0180328,"obs","10","2016"
"538",2016,11,0.0196721,"obs","11","2016"
"539",2016,12,0.00983607,"obs","12","2016"
"540",2016,13,0.0114754,"obs","13","2016"
"541",2016,14,0.0278689,"obs","14","2016"
"542",2016,15,0.0622951,"obs","15","2016"
"543",2016,16,0.0508197,"obs","16","2016"
"544",2016,17,0.0754098,"obs","17","2016"
"545",2016,18,0.0868852,"obs","18","2016"
"546",2016,19,0.0590164,"obs","19","2016"
"547",2016,20,0.0672131,"obs","20","2016"
"548",2016,21,0.0967213,"obs","21","2016"
"549",2016,22,0.0704918,"obs","22","2016"
"550",2016,23,0.0278689,"obs","23","2016"
"551",2016,24,0.0213115,"obs","24","2016"
"552",2016,25,0.0295082,"obs","25","2016"
"553",2016,26,0.0131148,"obs","26","2016"
"554",2016,27,0.0163934,"obs","27","2016"
"555",2016,28,0.00655738,"obs","28","2016"
"556",2016,29,0.00819672,"obs","29","2016"
"557",2016,30,0.0163934,"obs","30","2016"
"558",2016,31,0.0147541,"obs","31","2016"
"559",2016,32,0.0213115,"obs","32","2016"
"560",2016,33,0.0147541,"obs","33","2016"
"561",2016,34,0.00819672,"obs","34","2016"
"562",2016,35,0.00983607,"obs","35","2016"
"563",2016,36,0.00327869,"obs","36","2016"
"564",2016,37,0.00491803,"obs","37","2016"
"565",2016,38,0.00819672,"obs","38","2016"
"566",2016,39,0.00819672,"obs","39","2016"
"567",2016,40,0.00819672,"obs","40","2016"
"568",2016,41,0.0114754,"obs","41","2016"
"569",2016,42,0.00327869,"obs","42","2016"
"570",2016,43,0.00819672,"obs","43","2016"
"571",2016,44,0.00491803,"obs","44","2016"
"572",2016,45,0.0180328,"obs","45","2016"
"573",2018,2,0,"obs","2","2018"
"574",2018,3,0,"obs","3","2018"
"575",2018,4,0.00153846,"obs","4","2018"
"576",2018,5,0,"obs","5","2018"
"577",2018,6,0.00153846,"obs","6","2018"
"578",2018,7,0.00461538,"obs","7","2018"
"579",2018,8,0.0215385,"obs","8","2018"
"580",2018,9,0.0153846,"obs","9","2018"
"581",2018,10,0.0338462,"obs","10","2018"
"582",2018,11,0.0446154,"obs","11","2018"
"583",2018,12,0.04,"obs","12","2018"
"584",2018,13,0.0307692,"obs","13","2018"
"585",2018,14,0.0230769,"obs","14","2018"
"586",2018,15,0.0323077,"obs","15","2018"
"587",2018,16,0.0384615,"obs","16","2018"
"588",2018,17,0.0353846,"obs","17","2018"
"589",2018,18,0.0630769,"obs","18","2018"
"590",2018,19,0.0615385,"obs","19","2018"
"591",2018,20,0.0569231,"obs","20","2018"
"592",2018,21,0.0415385,"obs","21","2018"
"593",2018,22,0.0615385,"obs","22","2018"
"594",2018,23,0.0446154,"obs","23","2018"
"595",2018,24,0.0323077,"obs","24","2018"
"596",2018,25,0.0215385,"obs","25","2018"
"597",2018,26,0.0215385,"obs","26","2018"
"598",2018,27,0.0261538,"obs","27","2018"
"599",2018,28,0.0153846,"obs","28","2018"
"600",2018,29,0.02,"obs","29","2018"
"601",2018,30,0.0353846,"obs","30","2018"
"602",2018,31,0.0261538,"obs","31","2018"
"603",2018,32,0.02,"obs","32","2018"
"604",2018,33,0.0246154,"obs","33","2018"
"605",2018,34,0.0184615,"obs","34","2018"
"606",2018,35,0.0123077,"obs","35","2018"
"607",2018,36,0.0107692,"obs","36","2018"
"608",2018,37,0.0107692,"obs","37","2018"
"609",2018,38,0.00769231,"obs","38","2018"
"610",2018,39,0.00615385,"obs","39","2018"
"611",2018,40,0.00461538,"obs","40","2018"
"612",2018,41,0.00307692,"obs","41","2018"
"613",2018,42,0.00615385,"obs","42","2018"
"614",2018,43,0.00769231,"obs","43","2018"
"615",2018,44,0.00153846,"obs","44","2018"
"616",2018,45,0.0153846,"obs","45","2018"
"617",2020,2,0,"obs","2","2020"
"618",2020,3,0,"obs","3","2020"
"619",2020,4,0,"obs","4","2020"
"620",2020,5,0,"obs","5","2020"
"621",2020,6,0.00431965,"obs","6","2020"
"622",2020,7,0.012959,"obs","7","2020"
"623",2020,8,0.012959,"obs","8","2020"
"624",2020,9,0.0172786,"obs","9","2020"
"625",2020,10,0.0280778,"obs","10","2020"
"626",2020,11,0.0539957,"obs","11","2020"
"627",2020,12,0.0280778,"obs","12","2020"
"628",2020,13,0.0215983,"obs","13","2020"
"629",2020,14,0.0194384,"obs","14","2020"
"630",2020,15,0.0215983,"obs","15","2020"
"631",2020,16,0.012959,"obs","16","2020"
"632",2020,17,0.0215983,"obs","17","2020"
"633",2020,18,0.0302376,"obs","18","2020"
"634",2020,19,0.0323974,"obs","19","2020"
"635",2020,20,0.0561555,"obs","20","2020"
"636",2020,21,0.0604752,"obs","21","2020"
"637",2020,22,0.049676,"obs","22","2020"
"638",2020,23,0.049676,"obs","23","2020"
"639",2020,24,0.0259179,"obs","24","2020"
"640",2020,25,0.0453564,"obs","25","2020"
"641",2020,26,0.0323974,"obs","26","2020"
"642",2020,27,0.0172786,"obs","27","2020"
"643",2020,28,0.0345572,"obs","28","2020"
"644",2020,29,0.0194384,"obs","29","2020"
"645",2020,30,0.0237581,"obs","30","2020"
"646",2020,31,0.0107991,"obs","31","2020"
"647",2020,32,0.0194384,"obs","32","2020"
"648",2020,33,0.0323974,"obs","33","2020"
"649",2020,34,0.0302376,"obs","34","2020"
"650",2020,35,0.0107991,"obs","35","2020"
"651",2020,36,0.012959,"obs","36","2020"
"652",2020,37,0.012959,"obs","37","2020"
"653",2020,38,0.0215983,"obs","38","2020"
"654",2020,39,0.0215983,"obs","39","2020"
"655",2020,40,0.0172786,"obs","40","2020"
"656",2020,41,0.00863931,"obs","41","2020"
"657",2020,42,0.0172786,"obs","42","2020"
"658",2020,43,0.00863931,"obs","43","2020"
"659",2020,44,0.0151188,"obs","44","2020"
"660",2020,45,0.0280778,"obs","45","2020"
"661",1998,2,9.28093e-06,"pred","2","1998"
"662",1998,3,6.82678e-05,"pred","3","1998"
"663",1998,4,0.000322916,"pred","4","1998"
"664",1998,5,0.000418115,"pred","5","1998"
"665",1998,6,0.00217722,"pred","6","1998"
"666",1998,7,0.00952704,"pred","7","1998"
"667",1998,8,0.0260221,"pred","8","1998"
"668",1998,9,0.0318045,"pred","9","1998"
"669",1998,10,0.0579687,"pred","10","1998"
"670",1998,11,0.0549054,"pred","11","1998"
"671",1998,12,0.0488748,"pred","12","1998"
"672",1998,13,0.0762886,"pred","13","1998"
"673",1998,14,0.0977882,"pred","14","1998"
"674",1998,15,0.0645688,"pred","15","1998"
"675",1998,16,0.0589374,"pred","16","1998"
"676",1998,17,0.0523446,"pred","17","1998"
"677",1998,18,0.038601,"pred","18","1998"
"678",1998,19,0.0320943,"pred","19","1998"
"679",1998,20,0.0368862,"pred","20","1998"
"680",1998,21,0.0490917,"pred","21","1998"
"681",1998,22,0.0501555,"pred","22","1998"
"682",1998,23,0.0344051,"pred","23","1998"
"683",1998,24,0.0218575,"pred","24","1998"
"684",1998,25,0.018227,"pred","25","1998"
"685",1998,26,0.0181486,"pred","26","1998"
"686",1998,27,0.0205022,"pred","27","1998"
"687",1998,28,0.0214176,"pred","28","1998"
"688",1998,29,0.0169846,"pred","29","1998"
"689",1998,30,0.0113573,"pred","30","1998"
"690",1998,31,0.00793813,"pred","31","1998"
"691",1998,32,0.00590227,"pred","32","1998"
"692",1998,33,0.00452177,"pred","33","1998"
"693",1998,34,0.00363671,"pred","34","1998"
"694",1998,35,0.00313201,"pred","35","1998"
"695",1998,36,0.0028516,"pred","36","1998"
"696",1998,37,0.00259816,"pred","37","1998"
"697",1998,38,0.00223899,"pred","38","1998"
"698",1998,39,0.00178937,"pred","39","1998"
"699",1998,40,0.00135158,"pred","40","1998"
"700",1998,41,0.00100183,"pred","41","1998"
"701",1998,42,0.000758363,"pred","42","1998"
"702",1998,43,0.000601307,"pred","43","1998"
"703",1998,44,0.000503468,"pred","44","1998"
"704",1998,45,0.00941162,"pred","45","1998"
"705",1999,2,9.44716e-06,"pred","2","1999"
"706",1999,3,4.41933e-05,"pred","3","1999"
"707",1999,4,0.000327208,"pred","4","1999"
"708",1999,5,0.00141112,"pred","5","1999"
"709",1999,6,0.00188385,"pred","6","1999"
"710",1999,7,0.00808678,"pred","7","1999"
"711",1999,8,0.0242012,"pred","8","1999"
"712",1999,9,0.0440253,"pred","9","1999"
"713",1999,10,0.0384714,"pred","10","1999"
"714",1999,11,0.0570792,"pred","11","1999"
"715",1999,12,0.0527828,"pred","12","1999"
"716",1999,13,0.0471504,"pred","13","1999"
"717",1999,14,0.0721096,"pred","14","1999"
"718",1999,15,0.0907344,"pred","15","1999"
"719",1999,16,0.062037,"pred","16","1999"
"720",1999,17,0.0553921,"pred","17","1999"
"721",1999,18,0.04926,"pred","18","1999"
"722",1999,19,0.0366271,"pred","19","1999"
"723",1999,20,0.0306015,"pred","20","1999"
"724",1999,21,0.0350783,"pred","21","1999"
"725",1999,22,0.0460141,"pred","22","1999"
"726",1999,23,0.0467986,"pred","23","1999"
"727",1999,24,0.0326269,"pred","24","1999"
"728",1999,25,0.020912,"pred","25","1999"
"729",1999,26,0.017299,"pred","26","1999"
"730",1999,27,0.017224,"pred","27","1999"
"731",1999,28,0.0193138,"pred","28","1999"
"732",1999,29,0.0200103,"pred","29","1999"
"733",1999,30,0.0160011,"pred","30","1999"
"734",1999,31,0.0108033,"pred","31","1999"
"735",1999,32,0.0075389,"pred","32","1999"
"736",1999,33,0.00559527,"pred","33","1999"
"737",1999,34,0.00428649,"pred","34","1999"
"738",1999,35,0.00344796,"pred","35","1999"
"739",1999,36,0.00296603,"pred","36","1999"
"740",1999,37,0.00269269,"pred","37","1999"
"741",1999,38,0.00244781,"pred","38","1999"
"742",1999,39,0.00210923,"pred","39","1999"
"743",1999,40,0.00168979,"pred","40","1999"
"744",1999,41,0.00127952,"pred","41","1999"
"745",1999,42,0.00095057,"pred","42","1999"
"746",1999,43,0.00071977,"pred","43","1999"
"747",1999,44,0.000571993,"pred","44","1999"
"748",1999,45,0.00936519,"pred","45","1999"
"749",2000,2,1.58508e-05,"pred","2","2000"
"750",2000,3,4.336e-05,"pred","3","2000"
"751",2000,4,0.000214209,"pred","4","2000"
"752",2000,5,0.00154399,"pred","5","2000"
"753",2000,6,0.00601408,"pred","6","2000"
"754",2000,7,0.00715605,"pred","7","2000"
"755",2000,8,0.0210136,"pred","8","2000"
"756",2000,9,0.0391918,"pred","9","2000"
"757",2000,10,0.0514305,"pred","10","2000"
"758",2000,11,0.0401264,"pred","11","2000"
"759",2000,12,0.0539826,"pred","12","2000"
"760",2000,13,0.0500792,"pred","13","2000"
"761",2000,14,0.0453515,"pred","14","2000"
"762",2000,15,0.0681069,"pred","15","2000"
"763",2000,16,0.0842911,"pred","16","2000"
"764",2000,17,0.0594797,"pred","17","2000"
"765",2000,18,0.0521488,"pred","18","2000"
"766",2000,19,0.0463647,"pred","19","2000"
"767",2000,20,0.0347735,"pred","20","2000"
"768",2000,21,0.0291967,"pred","21","2000"
"769",2000,22,0.0333519,"pred","22","2000"
"770",2000,23,0.0431552,"pred","23","2000"
"771",2000,24,0.0436999,"pred","24","2000"
"772",2000,25,0.0309374,"pred","25","2000"
"773",2000,26,0.0200075,"pred","26","2000"
"774",2000,27,0.0164342,"pred","27","2000"
"775",2000,28,0.016359,"pred","28","2000"
"776",2000,29,0.0181952,"pred","29","2000"
"777",2000,30,0.01871,"pred","30","2000"
"778",2000,31,0.01507,"pred","31","2000"
"779",2000,32,0.0102829,"pred","32","2000"
"780",2000,33,0.0071658,"pred","33","2000"
"781",2000,34,0.00530532,"pred","34","2000"
"782",2000,35,0.00406774,"pred","35","2000"
"783",2000,36,0.00327105,"pred","36","2000"
"784",2000,37,0.0028098,"pred","37","2000"
"785",2000,38,0.00254434,"pred","38","2000"
"786",2000,39,0.00230715,"pred","39","2000"
"787",2000,40,0.0019882,"pred","40","2000"
"788",2000,41,0.00159589,"pred","41","2000"
"789",2000,42,0.00121219,"pred","42","2000"
"790",2000,43,0.000902174,"pred","43","2000"
"791",2000,44,0.000685239,"pred","44","2000"
"792",2000,45,0.00939266,"pred","45","2000"
"793",2001,2,8.7471e-06,"pred","2","2001"
"794",2001,3,6.96114e-05,"pred","3","2001"
"795",2001,4,0.000199821,"pred","4","2001"
"796",2001,5,0.00100379,"pred","5","2001"
"797",2001,6,0.00678052,"pred","6","2001"
"798",2001,7,0.0227397,"pred","7","2001"
"799",2001,8,0.0192415,"pred","8","2001"
"800",2001,9,0.0339545,"pred","9","2001"
"801",2001,10,0.0452188,"pred","10","2001"
"802",2001,11,0.0508592,"pred","11","2001"
"803",2001,12,0.0391997,"pred","12","2001"
"804",2001,13,0.0501853,"pred","13","2001"
"805",2001,14,0.0469889,"pred","14","2001"
"806",2001,15,0.0432268,"pred","15","2001"
"807",2001,16,0.0637673,"pred","16","2001"
"808",2001,17,0.0777557,"pred","17","2001"
"809",2001,18,0.0564671,"pred","18","2001"
"810",2001,19,0.0487648,"pred","19","2001"
"811",2001,20,0.0432919,"pred","20","2001"
"812",2001,21,0.0327538,"pred","21","2001"
"813",2001,22,0.0276333,"pred","22","2001"
"814",2001,23,0.0314632,"pred","23","2001"
"815",2001,24,0.0401512,"pred","24","2001"
"816",2001,25,0.0404968,"pred","25","2001"
"817",2001,26,0.0290781,"pred","26","2001"
"818",2001,27,0.0189933,"pred","27","2001"
"819",2001,28,0.0155058,"pred","28","2001"
"820",2001,29,0.0154069,"pred","29","2001"
"821",2001,30,0.0170049,"pred","30","2001"
"822",2001,31,0.0173575,"pred","31","2001"
"823",2001,32,0.0140827,"pred","32","2001"
"824",2001,33,0.00970532,"pred","33","2001"
"825",2001,34,0.00675802,"pred","34","2001"
"826",2001,35,0.004993,"pred","35","2001"
"827",2001,36,0.00382839,"pred","36","2001"
"828",2001,37,0.00307851,"pred","37","2001"
"829",2001,38,0.0026415,"pred","38","2001"
"830",2001,39,0.00238505,"pred","39","2001"
"831",2001,40,0.00215777,"pred","40","2001"
"832",2001,41,0.00185894,"pred","41","2001"
"833",2001,42,0.0014957,"pred","42","2001"
"834",2001,43,0.0011391,"pred","43","2001"
"835",2001,44,0.000851254,"pred","44","2001"
"836",2001,45,0.00945387,"pred","45","2001"
"837",2002,2,5.41814e-06,"pred","2","2002"
"838",2002,3,4.12615e-05,"pred","3","2002"
"839",2002,4,0.000303026,"pred","4","2002"
"840",2002,5,0.000881971,"pred","5","2002"
"841",2002,6,0.00430628,"pred","6","2002"
"842",2002,7,0.0239446,"pred","7","2002"
"843",2002,8,0.0620513,"pred","8","2002"
"844",2002,9,0.0345302,"pred","9","2002"
"845",2002,10,0.0378122,"pred","10","2002"
"846",2002,11,0.0438151,"pred","11","2002"
"847",2002,12,0.0464755,"pred","12","2002"
"848",2002,13,0.0365207,"pred","13","2002"
"849",2002,14,0.0451749,"pred","14","2002"
"850",2002,15,0.0427291,"pred","15","2002"
"851",2002,16,0.0399285,"pred","16","2002"
"852",2002,17,0.0578681,"pred","17","2002"
"853",2002,18,0.0696172,"pred","18","2002"
"854",2002,19,0.0518862,"pred","19","2002"
"855",2002,20,0.0442647,"pred","20","2002"
"856",2002,21,0.0392015,"pred","21","2002"
"857",2002,22,0.0299154,"pred","22","2002"
"858",2002,23,0.0253799,"pred","23","2002"
"859",2002,24,0.0287728,"pred","24","2002"
"860",2002,25,0.0362257,"pred","25","2002"
"861",2002,26,0.0364002,"pred","26","2002"
"862",2002,27,0.0264923,"pred","27","2002"
"863",2002,28,0.0174856,"pred","28","2002"
"864",2002,29,0.0141939,"pred","29","2002"
"865",2002,30,0.0140687,"pred","30","2002"
"866",2002,31,0.0154064,"pred","31","2002"
"867",2002,32,0.0156281,"pred","32","2002"
"868",2002,33,0.0127617,"pred","33","2002"
"869",2002,34,0.00887885,"pred","34","2002"
"870",2002,35,0.00618152,"pred","35","2002"
"871",2002,36,0.00455922,"pred","36","2002"
"872",2002,37,0.00349418,"pred","37","2002"
"873",2002,38,0.00281052,"pred","38","2002"
"874",2002,39,0.00240808,"pred","39","2002"
"875",2002,40,0.00216845,"pred","40","2002"
"876",2002,41,0.00195681,"pred","41","2002"
"877",2002,42,0.00168611,"pred","42","2002"
"878",2002,43,0.00135922,"pred","43","2002"
"879",2002,44,0.0010398,"pred","44","2002"
"880",2002,45,0.00937854,"pred","45","2002"
"881",2004,2,3.61826e-06,"pred","2","2004"
"882",2004,3,2.59133e-05,"pred","3","2004"
"883",2004,4,0.000109731,"pred","4","2004"
"884",2004,5,0.000894064,"pred","5","2004"
"885",2004,6,0.0053117,"pred","6","2004"
"886",2004,7,0.0131416,"pred","7","2004"
"887",2004,8,0.0358658,"pred","8","2004"
"888",2004,9,0.0858683,"pred","9","2004"
"889",2004,10,0.112106,"pred","10","2004"
"890",2004,11,0.046853,"pred","11","2004"
"891",2004,12,0.0325341,"pred","12","2004"
"892",2004,13,0.0356876,"pred","13","2004"
"893",2004,14,0.0365419,"pred","14","2004"
"894",2004,15,0.0301581,"pred","15","2004"
"895",2004,16,0.0353716,"pred","16","2004"
"896",2004,17,0.0340691,"pred","17","2004"
"897",2004,18,0.0328079,"pred","18","2004"
"898",2004,19,0.0459201,"pred","19","2004"
"899",2004,20,0.0539563,"pred","20","2004"
"900",2004,21,0.0420657,"pred","21","2004"
"901",2004,22,0.0352645,"pred","22","2004"
"902",2004,23,0.0309999,"pred","23","2004"
"903",2004,24,0.0240884,"pred","24","2004"
"904",2004,25,0.0206528,"pred","25","2004"
"905",2004,26,0.0231818,"pred","26","2004"
"906",2004,27,0.028447,"pred","27","2004"
"907",2004,28,0.0283961,"pred","28","2004"
"908",2004,29,0.0211935,"pred","29","2004"
"909",2004,30,0.0142789,"pred","30","2004"
"910",2004,31,0.0114837,"pred","31","2004"
"911",2004,32,0.0113036,"pred","32","2004"
"912",2004,33,0.0122033,"pred","33","2004"
"913",2004,34,0.0122356,"pred","34","2004"
"914",2004,35,0.0101015,"pred","35","2004"
"915",2004,36,0.00715893,"pred","36","2004"
"916",2004,37,0.00499627,"pred","37","2004"
"917",2004,38,0.00366871,"pred","38","2004"
"918",2004,39,0.00281169,"pred","39","2004"
"919",2004,40,0.00225987,"pred","40","2004"
"920",2004,41,0.00193024,"pred","41","2004"
"921",2004,42,0.00172904,"pred","42","2004"
"922",2004,43,0.00155361,"pred","43","2004"
"923",2004,44,0.00133978,"pred","44","2004"
"924",2004,45,0.00941251,"pred","45","2004"
"925",2005,2,1.70061e-06,"pred","2","2005"
"926",2005,3,1.68882e-05,"pred","3","2005"
"927",2005,4,0.000115922,"pred","4","2005"
"928",2005,5,0.000500165,"pred","5","2005"
"929",2005,6,0.00391441,"pred","6","2005"
"930",2005,7,0.0193427,"pred","7","2005"
"931",2005,8,0.0340707,"pred","8","2005"
"932",2005,9,0.0559663,"pred","9","2005"
"933",2005,10,0.0947835,"pred","10","2005"
"934",2005,11,0.107298,"pred","11","2005"
"935",2005,12,0.0457113,"pred","12","2005"
"936",2005,13,0.0298839,"pred","13","2005"
"937",2005,14,0.0325758,"pred","14","2005"
"938",2005,15,0.0330701,"pred","15","2005"
"939",2005,16,0.0278914,"pred","16","2005"
"940",2005,17,0.0320029,"pred","17","2005"
"941",2005,18,0.0310743,"pred","18","2005"
"942",2005,19,0.0303411,"pred","19","2005"
"943",2005,20,0.0417471,"pred","20","2005"
"944",2005,21,0.048558,"pred","21","2005"
"945",2005,22,0.038593,"pred","22","2005"
"946",2005,23,0.0321793,"pred","23","2005"
"947",2005,24,0.0281661,"pred","24","2005"
"948",2005,25,0.0220729,"pred","25","2005"
"949",2005,26,0.0190206,"pred","26","2005"
"950",2005,27,0.021235,"pred","27","2005"
"951",2005,28,0.0257498,"pred","28","2005"
"952",2005,29,0.0256253,"pred","29","2005"
"953",2005,30,0.0193464,"pred","30","2005"
"954",2005,31,0.013163,"pred","31","2005"
"955",2005,32,0.0105576,"pred","32","2005"
"956",2005,33,0.0103498,"pred","33","2005"
"957",2005,34,0.0110894,"pred","34","2005"
"958",2005,35,0.0110601,"pred","35","2005"
"959",2005,36,0.00917684,"pred","36","2005"
"960",2005,37,0.00656114,"pred","37","2005"
"961",2005,38,0.00458728,"pred","38","2005"
"962",2005,39,0.00336248,"pred","39","2005"
"963",2005,40,0.00257588,"pred","40","2005"
"964",2005,41,0.0020688,"pred","41","2005"
"965",2005,42,0.00176524,"pred","42","2005"
"966",2005,43,0.00157689,"pred","43","2005"
"967",2005,44,0.00141553,"pred","44","2005"
"968",2005,45,0.00981174,"pred","45","2005"
"969",2006,2,1.40757e-06,"pred","2","2006"
"970",2006,3,8.03488e-06,"pred","3","2006"
"971",2006,4,7.98222e-05,"pred","4","2006"
"972",2006,5,0.000511814,"pred","5","2006"
"973",2006,6,0.00215976,"pred","6","2006"
"974",2006,7,0.0137762,"pred","7","2006"
"975",2006,8,0.0504556,"pred","8","2006"
"976",2006,9,0.0565397,"pred","9","2006"
"977",2006,10,0.0633713,"pred","10","2006"
"978",2006,11,0.0909925,"pred","11","2006"
"979",2006,12,0.097489,"pred","12","2006"
"980",2006,13,0.0433283,"pred","13","2006"
"981",2006,14,0.0273831,"pred","14","2006"
"982",2006,15,0.029657,"pred","15","2006"
"983",2006,16,0.0299062,"pred","16","2006"
"984",2006,17,0.0257151,"pred","17","2006"
"985",2006,18,0.028945,"pred","18","2006"
"986",2006,19,0.0283019,"pred","19","2006"
"987",2006,20,0.0280051,"pred","20","2006"
"988",2006,21,0.0378938,"pred","21","2006"
"989",2006,22,0.0436595,"pred","22","2006"
"990",2006,23,0.0353267,"pred","23","2006"
"991",2006,24,0.0293407,"pred","24","2006"
"992",2006,25,0.0255626,"pred","25","2006"
"993",2006,26,0.0201966,"pred","26","2006"
"994",2006,27,0.0174919,"pred","27","2006"
"995",2006,28,0.0194268,"pred","28","2006"
"996",2006,29,0.0232741,"pred","29","2006"
"997",2006,30,0.0230973,"pred","30","2006"
"998",2006,31,0.0176202,"pred","31","2006"
"999",2006,32,0.0121196,"pred","32","2006"
"1000",2006,33,0.00969674,"pred","33","2006"
"1001",2006,34,0.00945946,"pred","34","2006"
"1002",2006,35,0.0100654,"pred","35","2006"
"1003",2006,36,0.00998686,"pred","36","2006"
"1004",2006,37,0.00832493,"pred","37","2006"
"1005",2006,38,0.00600287,"pred","38","2006"
"1006",2006,39,0.00420558,"pred","39","2006"
"1007",2006,40,0.00307772,"pred","40","2006"
"1008",2006,41,0.00235558,"pred","41","2006"
"1009",2006,42,0.00189206,"pred","42","2006"
"1010",2006,43,0.00161187,"pred","43","2006"
"1011",2006,44,0.00143797,"pred","44","2006"
"1012",2006,45,0.0102277,"pred","45","2006"
"1013",2008,2,2.02889e-06,"pred","2","2008"
"1014",2008,3,9.48293e-06,"pred","3","2008"
"1015",2008,4,2.94428e-05,"pred","4","2008"
"1016",2008,5,0.000185423,"pred","5","2008"
"1017",2008,6,0.00165368,"pred","6","2008"
"1018",2008,7,0.0080754,"pred","7","2008"
"1019",2008,8,0.0198104,"pred","8","2008"
"1020",2008,9,0.0494506,"pred","9","2008"
"1021",2008,10,0.0920808,"pred","10","2008"
"1022",2008,11,0.0691149,"pred","11","2008"
"1023",2008,12,0.0602498,"pred","12","2008"
"1024",2008,13,0.0790088,"pred","13","2008"
"1025",2008,14,0.0812208,"pred","14","2008"
"1026",2008,15,0.03941,"pred","15","2008"
"1027",2008,16,0.0239591,"pred","16","2008"
"1028",2008,17,0.0254299,"pred","17","2008"
"1029",2008,18,0.0254074,"pred","18","2008"
"1030",2008,19,0.0225625,"pred","19","2008"
"1031",2008,20,0.0245863,"pred","20","2008"
"1032",2008,21,0.0243378,"pred","21","2008"
"1033",2008,22,0.0246595,"pred","22","2008"
"1034",2008,23,0.0323363,"pred","23","2008"
"1035",2008,24,0.0366519,"pred","24","2008"
"1036",2008,25,0.0305784,"pred","25","2008"
"1037",2008,26,0.0252884,"pred","26","2008"
"1038",2008,27,0.0218227,"pred","27","2008"
"1039",2008,28,0.0175204,"pred","28","2008"
"1040",2008,29,0.0153302,"pred","29","2008"
"1041",2008,30,0.0168261,"pred","30","2008"
"1042",2008,31,0.0197049,"pred","31","2008"
"1043",2008,32,0.0194547,"pred","32","2008"
"1044",2008,33,0.0151452,"pred","33","2008"
"1045",2008,34,0.0106336,"pred","34","2008"
"1046",2008,35,0.00847869,"pred","35","2008"
"1047",2008,36,0.00818936,"pred","36","2008"
"1048",2008,37,0.0085885,"pred","37","2008"
"1049",2008,38,0.00844714,"pred","38","2008"
"1050",2008,39,0.00709718,"pred","39","2008"
"1051",2008,40,0.0051999,"pred","40","2008"
"1052",2008,41,0.0036637,"pred","41","2008"
"1053",2008,42,0.00267385,"pred","42","2008"
"1054",2008,43,0.00204358,"pred","43","2008"
"1055",2008,44,0.00164239,"pred","44","2008"
"1056",2008,45,0.0114276,"pred","45","2008"
"1057",2010,2,2.81903e-06,"pred","2","2010"
"1058",2010,3,1.10229e-05,"pred","3","2010"
"1059",2010,4,4.55994e-05,"pred","4","2010"
"1060",2010,5,0.000199963,"pred","5","2010"
"1061",2010,6,0.00061759,"pred","6","2010"
"1062",2010,7,0.00313646,"pred","7","2010"
"1063",2010,8,0.015169,"pred","8","2010"
"1064",2010,9,0.035944,"pred","9","2010"
"1065",2010,10,0.0395824,"pred","10","2010"
"1066",2010,11,0.0579832,"pred","11","2010"
"1067",2010,12,0.0871125,"pred","12","2010"
"1068",2010,13,0.0659248,"pred","13","2010"
"1069",2010,14,0.0564661,"pred","14","2010"
"1070",2010,15,0.0716225,"pred","15","2010"
"1071",2010,16,0.0718008,"pred","16","2010"
"1072",2010,17,0.0375807,"pred","17","2010"
"1073",2010,18,0.0224543,"pred","18","2010"
"1074",2010,19,0.0231427,"pred","19","2010"
"1075",2010,20,0.0230037,"pred","20","2010"
"1076",2010,21,0.0209455,"pred","21","2010"
"1077",2010,22,0.0222582,"pred","22","2010"
"1078",2010,23,0.0222626,"pred","23","2010"
"1079",2010,24,0.0230242,"pred","24","2010"
"1080",2010,25,0.0293228,"pred","25","2010"
"1081",2010,26,0.032767,"pred","26","2010"
"1082",2010,27,0.0280308,"pred","27","2010"
"1083",2010,28,0.0231905,"pred","28","2010"
"1084",2010,29,0.0198451,"pred","29","2010"
"1085",2010,30,0.0161494,"pred","30","2010"
"1086",2010,31,0.0142646,"pred","31","2010"
"1087",2010,32,0.0154665,"pred","32","2010"
"1088",2010,33,0.0177462,"pred","33","2010"
"1089",2010,34,0.017439,"pred","34","2010"
"1090",2010,35,0.0138173,"pred","35","2010"
"1091",2010,36,0.00989752,"pred","36","2010"
"1092",2010,37,0.00788868,"pred","37","2010"
"1093",2010,38,0.00753318,"pred","38","2010"
"1094",2010,39,0.00779349,"pred","39","2010"
"1095",2010,40,0.00760063,"pred","40","2010"
"1096",2010,41,0.00642969,"pred","41","2010"
"1097",2010,42,0.00477977,"pred","42","2010"
"1098",2010,43,0.00339173,"pred","43","2010"
"1099",2010,44,0.00247287,"pred","44","2010"
"1100",2010,45,0.0138547,"pred","45","2010"
"1101",2012,2,2.72872e-06,"pred","2","2012"
"1102",2012,3,1.45289e-05,"pred","3","2012"
"1103",2012,4,6.3931e-05,"pred","4","2012"
"1104",2012,5,0.000250213,"pred","5","2012"
"1105",2012,6,0.00100465,"pred","6","2012"
"1106",2012,7,0.00349799,"pred","7","2012"
"1107",2012,8,0.00653879,"pred","8","2012"
"1108",2012,9,0.0128313,"pred","9","2012"
"1109",2012,10,0.0283769,"pred","10","2012"
"1110",2012,11,0.0435087,"pred","11","2012"
"1111",2012,12,0.0419382,"pred","12","2012"
"1112",2012,13,0.056967,"pred","13","2012"
"1113",2012,14,0.0805043,"pred","14","2012"
"1114",2012,15,0.0637097,"pred","15","2012"
"1115",2012,16,0.0548849,"pred","16","2012"
"1116",2012,17,0.0674726,"pred","17","2012"
"1117",2012,18,0.0662799,"pred","18","2012"
"1118",2012,19,0.0370004,"pred","19","2012"
"1119",2012,20,0.0220521,"pred","20","2012"
"1120",2012,21,0.0219459,"pred","21","2012"
"1121",2012,22,0.0217386,"pred","22","2012"
"1122",2012,23,0.0201806,"pred","23","2012"
"1123",2012,24,0.0210526,"pred","24","2012"
"1124",2012,25,0.0212365,"pred","25","2012"
"1125",2012,26,0.0223234,"pred","26","2012"
"1126",2012,27,0.0276942,"pred","27","2012"
"1127",2012,28,0.0305685,"pred","28","2012"
"1128",2012,29,0.0267058,"pred","29","2012"
"1129",2012,30,0.0221565,"pred","30","2012"
"1130",2012,31,0.0188186,"pred","31","2012"
"1131",2012,32,0.0154955,"pred","32","2012"
"1132",2012,33,0.0138183,"pred","33","2012"
"1133",2012,34,0.0148056,"pred","34","2012"
"1134",2012,35,0.0166578,"pred","35","2012"
"1135",2012,36,0.0162992,"pred","36","2012"
"1136",2012,37,0.0131246,"pred","37","2012"
"1137",2012,38,0.00958543,"pred","38","2012"
"1138",2012,39,0.00764605,"pred","39","2012"
"1139",2012,40,0.00721916,"pred","40","2012"
"1140",2012,41,0.00736557,"pred","41","2012"
"1141",2012,42,0.00713124,"pred","42","2012"
"1142",2012,43,0.00606772,"pred","43","2012"
"1143",2012,44,0.0045741,"pred","44","2012"
"1144",2012,45,0.01889,"pred","45","2012"
"1145",2014,2,3.10807e-06,"pred","2","2014"
"1146",2014,3,1.07045e-05,"pred","3","2014"
"1147",2014,4,6.5798e-05,"pred","4","2014"
"1148",2014,5,0.000342579,"pred","5","2014"
"1149",2014,6,0.00140787,"pred","6","2014"
"1150",2014,7,0.0044918,"pred","7","2014"
"1151",2014,8,0.0105712,"pred","8","2014"
"1152",2014,9,0.0173557,"pred","9","2014"
"1153",2014,10,0.0145981,"pred","10","2014"
"1154",2014,11,0.0162521,"pred","11","2014"
"1155",2014,12,0.0289422,"pred","12","2014"
"1156",2014,13,0.0414508,"pred","13","2014"
"1157",2014,14,0.0411739,"pred","14","2014"
"1158",2014,15,0.0551794,"pred","15","2014"
"1159",2014,16,0.0746855,"pred","16","2014"
"1160",2014,17,0.0615552,"pred","17","2014"
"1161",2014,18,0.0535604,"pred","18","2014"
"1162",2014,19,0.0637721,"pred","19","2014"
"1163",2014,20,0.0616024,"pred","20","2014"
"1164",2014,21,0.0363447,"pred","21","2014"
"1165",2014,22,0.0218179,"pred","22","2014"
"1166",2014,23,0.0209181,"pred","23","2014"
"1167",2014,24,0.0206791,"pred","24","2014"
"1168",2014,25,0.0194884,"pred","25","2014"
"1169",2014,26,0.0200454,"pred","26","2014"
"1170",2014,27,0.0203604,"pred","27","2014"
"1171",2014,28,0.0216855,"pred","28","2014"
"1172",2014,29,0.026287,"pred","29","2014"
"1173",2014,30,0.0287001,"pred","30","2014"
"1174",2014,31,0.0255007,"pred","31","2014"
"1175",2014,32,0.0212556,"pred","32","2014"
"1176",2014,33,0.017966,"pred","33","2014"
"1177",2014,34,0.0149447,"pred","34","2014"
"1178",2014,35,0.0134337,"pred","35","2014"
"1179",2014,36,0.0142255,"pred","36","2014"
"1180",2014,37,0.0157191,"pred","37","2014"
"1181",2014,38,0.0153223,"pred","38","2014"
"1182",2014,39,0.0125145,"pred","39","2014"
"1183",2014,40,0.00931051,"pred","40","2014"
"1184",2014,41,0.0074421,"pred","41","2014"
"1185",2014,42,0.00694942,"pred","42","2014"
"1186",2014,43,0.00699815,"pred","43","2014"
"1187",2014,44,0.00673254,"pred","44","2014"
"1188",2014,45,0.0283271,"pred","45","2014"
"1189",2016,2,4.19554e-06,"pred","2","2016"
"1190",2016,3,1.50792e-05,"pred","3","2016"
"1191",2016,4,6.85004e-05,"pred","4","2016"
"1192",2016,5,0.000257946,"pred","5","2016"
"1193",2016,6,0.00145602,"pred","6","2016"
"1194",2016,7,0.00601122,"pred","7","2016"
"1195",2016,8,0.0149103,"pred","8","2016"
"1196",2016,9,0.0215109,"pred","9","2016"
"1197",2016,10,0.0220441,"pred","10","2016"
"1198",2016,11,0.0216313,"pred","11","2016"
"1199",2016,12,0.015544,"pred","12","2016"
"1200",2016,13,0.0160989,"pred","13","2016"
"1201",2016,14,0.0274327,"pred","14","2016"
"1202",2016,15,0.0383985,"pred","15","2016"
"1203",2016,16,0.0396083,"pred","16","2016"
"1204",2016,17,0.052449,"pred","17","2016"
"1205",2016,18,0.0684666,"pred","18","2016"
"1206",2016,19,0.05846,"pred","19","2016"
"1207",2016,20,0.0514808,"pred","20","2016"
"1208",2016,21,0.0593644,"pred","21","2016"
"1209",2016,22,0.056542,"pred","22","2016"
"1210",2016,23,0.0349891,"pred","23","2016"
"1211",2016,24,0.0213219,"pred","24","2016"
"1212",2016,25,0.0197002,"pred","25","2016"
"1213",2016,26,0.0194135,"pred","26","2016"
"1214",2016,27,0.0184973,"pred","27","2016"
"1215",2016,28,0.018852,"pred","28","2016"
"1216",2016,29,0.0192612,"pred","29","2016"
"1217",2016,30,0.0207073,"pred","30","2016"
"1218",2016,31,0.0245929,"pred","31","2016"
"1219",2016,32,0.0265854,"pred","32","2016"
"1220",2016,33,0.0239659,"pred","33","2016"
"1221",2016,34,0.0200958,"pred","34","2016"
"1222",2016,35,0.0169228,"pred","35","2016"
"1223",2016,36,0.0142036,"pred","36","2016"
"1224",2016,37,0.0128562,"pred","37","2016"
"1225",2016,38,0.0134628,"pred","38","2016"
"1226",2016,39,0.0146324,"pred","39","2016"
"1227",2016,40,0.0142081,"pred","40","2016"
"1228",2016,41,0.0117533,"pred","41","2016"
"1229",2016,42,0.00889694,"pred","42","2016"
"1230",2016,43,0.00713869,"pred","43","2016"
"1231",2016,44,0.00659758,"pred","44","2016"
"1232",2016,45,0.0396011,"pred","45","2016"
"1233",2018,2,5.17023e-06,"pred","2","2018"
"1234",2018,3,1.91089e-05,"pred","3","2018"
"1235",2018,4,9.057e-05,"pred","4","2018"
"1236",2018,5,0.000343709,"pred","5","2018"
"1237",2018,6,0.00140567,"pred","6","2018"
"1238",2018,7,0.0044349,"pred","7","2018"
"1239",2018,8,0.0144065,"pred","8","2018"
"1240",2018,9,0.027017,"pred","9","2018"
"1241",2018,10,0.0306983,"pred","10","2018"
"1242",2018,11,0.0271379,"pred","11","2018"
"1243",2018,12,0.0226482,"pred","12","2018"
"1244",2018,13,0.0203276,"pred","13","2018"
"1245",2018,14,0.0149136,"pred","14","2018"
"1246",2018,15,0.015532,"pred","15","2018"
"1247",2018,16,0.0256374,"pred","16","2018"
"1248",2018,17,0.0352743,"pred","17","2018"
"1249",2018,18,0.0376644,"pred","18","2018"
"1250",2018,19,0.0492424,"pred","19","2018"
"1251",2018,20,0.062302,"pred","20","2018"
"1252",2018,21,0.0548505,"pred","21","2018"
"1253",2018,22,0.0489187,"pred","22","2018"
"1254",2018,23,0.0547059,"pred","23","2018"
"1255",2018,24,0.0515036,"pred","24","2018"
"1256",2018,25,0.0332251,"pred","25","2018"
"1257",2018,26,0.0206162,"pred","26","2018"
"1258",2018,27,0.0184073,"pred","27","2018"
"1259",2018,28,0.0180622,"pred","28","2018"
"1260",2018,29,0.0173695,"pred","29","2018"
"1261",2018,30,0.0175811,"pred","30","2018"
"1262",2018,31,0.0180517,"pred","31","2018"
"1263",2018,32,0.0195275,"pred","32","2018"
"1264",2018,33,0.0227929,"pred","33","2018"
"1265",2018,34,0.0244282,"pred","34","2018"
"1266",2018,35,0.0222721,"pred","35","2018"
"1267",2018,36,0.0188005,"pred","36","2018"
"1268",2018,37,0.0158155,"pred","37","2018"
"1269",2018,38,0.0133713,"pred","38","2018"
"1270",2018,39,0.0121739,"pred","39","2018"
"1271",2018,40,0.0126102,"pred","40","2018"
"1272",2018,41,0.0134937,"pred","41","2018"
"1273",2018,42,0.0130591,"pred","42","2018"
"1274",2018,43,0.0109277,"pred","43","2018"
"1275",2018,44,0.00841231,"pred","44","2018"
"1276",2018,45,0.0499169,"pred","45","2018"
"1277",2020,2,7.36937e-06,"pred","2","2020"
"1278",2020,3,2.88266e-05,"pred","3","2020"
"1279",2020,4,0.000113507,"pred","4","2020"
"1280",2020,5,0.000442152,"pred","5","2020"
"1281",2020,6,0.0018934,"pred","6","2020"
"1282",2020,7,0.00595714,"pred","7","2020"
"1283",2020,8,0.0149943,"pred","8","2020"
"1284",2020,9,0.019863,"pred","9","2020"
"1285",2020,10,0.0282703,"pred","10","2020"
"1286",2020,11,0.0330839,"pred","11","2020"
"1287",2020,12,0.0312102,"pred","12","2020"
"1288",2020,13,0.02601,"pred","13","2020"
"1289",2020,14,0.0214719,"pred","14","2020"
"1290",2020,15,0.018843,"pred","15","2020"
"1291",2020,16,0.0142688,"pred","16","2020"
"1292",2020,17,0.0150179,"pred","17","2020"
"1293",2020,18,0.024031,"pred","18","2020"
"1294",2020,19,0.0326161,"pred","19","2020"
"1295",2020,20,0.0358875,"pred","20","2020"
"1296",2020,21,0.0462968,"pred","21","2020"
"1297",2020,22,0.0570345,"pred","22","2020"
"1298",2020,23,0.0515702,"pred","23","2020"
"1299",2020,24,0.0466022,"pred","24","2020"
"1300",2020,25,0.0506261,"pred","25","2020"
"1301",2020,26,0.0471773,"pred","26","2020"
"1302",2020,27,0.0315447,"pred","27","2020"
"1303",2020,28,0.0199954,"pred","28","2020"
"1304",2020,29,0.0173258,"pred","29","2020"
"1305",2020,30,0.0168854,"pred","30","2020"
"1306",2020,31,0.0163444,"pred","31","2020"
"1307",2020,32,0.0164746,"pred","32","2020"
"1308",2020,33,0.0169931,"pred","33","2020"
"1309",2020,34,0.0184573,"pred","34","2020"
"1310",2020,35,0.0212097,"pred","35","2020"
"1311",2020,36,0.0225506,"pred","36","2020"
"1312",2020,37,0.0207584,"pred","37","2020"
"1313",2020,38,0.0176502,"pred","38","2020"
"1314",2020,39,0.0148471,"pred","39","2020"
"1315",2020,40,0.012635,"pred","40","2020"
"1316",2020,41,0.011552,"pred","41","2020"
"1317",2020,42,0.0118481,"pred","42","2020"
"1318",2020,43,0.0125035,"pred","43","2020"
"1319",2020,44,0.0120645,"pred","44","2020"
"1320",2020,45,0.0650657,"pred","45","2020"
